{"means": {"EAR": 0.3527110310781327, "MAR": 0.33915594078844863, "EBW": 56.437112563134214, "EBH": 13.866684952853872, "bpm": 71.24772036474164, "lfhf": 0.0}, "stds": {"EAR": 0.01470484570698102, "MAR": 0.040662992079443086, "EBW": 2.8398816238390308, "EBH": 0.7318797344260958, "bpm": 19.53916733519643, "lfhf": 0.0}}