{"means": {"EAR": 0.3509619096043791, "MAR": 0.35902326090227843, "EBW": 61.39463465753749, "EBH": 15.559388678057571, "bpm": 69.78217821782178, "lfhf": 0.003094157797924828}, "stds": {"EAR": 0.01689386554545624, "MAR": 0.009252749233892398, "EBW": 0.4576063529399822, "EBH": 0.6831536880292239, "bpm": 13.206961830789155, "lfhf": 0.032502637745038296}}