{"means": {"EAR": 0.32364024072227376, "MAR": 0.371449366016533, "EBW": 71.2694559133541, "EBH": 16.33789882595951, "bpm": 67.00952380952381, "lfhf": 0.8848065024819892}, "stds": {"EAR": 0.016025988205642903, "MAR": 0.017474935245731203, "EBW": 6.738773949116733, "EBH": 1.939102596359229, "bpm": 9.841114182076701, "lfhf": 1.7423784222652356}}